id,pair,sentence,label
2,pair1,"មាន ២,០៧៣ ករណីដែលបានរាយការណ៍ទាក់ទងនឹងការដួលសន្លប់របស់កម្មករ។",negative
3,pair1,ច្បាប់ស្តីពីការគ្រប់គ្រងនិងការធ្វើអាជីវកម្មធនធានរ៉ែពីពេលនេះតទៅហៅកាត់ថាច្បាប់រុករករ៉ែអះអាងថារាល់ធនធានរ៉ែទាំងអស់គឺជាទ្រព្យសម្បត្តិរដ្ឋ៤។,neutral
4,pair1,លើកលែងតែប៉ែក ខាងក្រោមទទួលរងឥទ្ធិពលខ្សោយពីប្រព័ន្ធសម្ពាធទាប ដែលអូសបន្លាយកាត់លើចុងខាងត្បូងនៃដីសណ្តមេគង្គ។,neutral
7,pair1,ការរួមចំណែក និងការខិតខំប្រឹងប្រែងរួមគ្នារបស់យើងជាមួយរាជរដ្ឋាភិបាលកម្ពុជាក្នុងអំឡុងវិបត្តិដ៏មហន្តរាយនេះបានបង្ហាញឱ្យអ្នករាល់គ្នាដឹងថា ក្រុមហ៊ុន Smart Axiata ពិតជានៅទីនេះ ដើម្បីបម្រើប្រទេសកម្ពុជា និងប្រជាជនកម្ពុជាទាំងអស់។,positive
11,pair1,ប្រដាប់ប្រដាក្មេងលេងដែលត្រឹមត្រូវនឹងធ្វើឱ្យគេចាប់អារម្មណ៍ និងជាឧបករណ៍អប់រំដ៏ល្អឥតខ្ចោះ ។,positive
13,pair1,គួរបញ្ជាក់ផងដែរថា កម្ពុជានៅតែមានការលើកទឹកចិត្តវិនិយោគមានភាពទាក់ទាញ គម្រោងវិនិយោគដែលមានលក្ខណៈសម្បត្តិគ្រប់់គ្រាន់ (QIP) មានសិទ្ធិទទួលបានការលើកទឹកចិត្តជាច្រើនដូចជា៖,positive
14,pair1,អាហ្នឹងយើងឃើញមានការដេញដោលប៉ុណ្ណឹងម្សិលមិញនេះ។,neutral
17,pair1,រដ្ឋាភិបាលបានចំណាយថវិកាច្រើនបំផុតនៃកញ្ចប់ថវិការរបស់ខ្លួនទៅលើការធ្វើឲ្យប្រសើរឡើងនៃការអប់រំ បង្កើនប្រាក់ខែរបស់គ្រូបង្រៀន និងការធ្វើកំណែទម្រង់គោលនយោបាយ។,positive
20,pair1,ចំណែកអ្នកនាំពាក្យគណបក្សប្រជាជនកម្ពុជា លោក សុខ ឥសាន យល់ថា ការសម្រេចរបស់តុលាការពេលនេះគឺផ្អែកតាមអង្គហេតុ និងអង្គច្បាប់ត្រឹមត្រូវ។,positive
22,pair1,ខ្ញុំចង់ចេញនៅថ្ងៃសុក្រនេះ,neutral
24,pair1,លោកអ្នកនាងជាទីមេត្រីថ្ងៃនេះ SBM News សូមលើកយក ជោគជតារាសី សម្រាប់ថ្ងៃសៅរ៍ ០៧រោច ខែភទ្របទ ឆ្នាំខាល ចត្វាស័ក ពុទ្ធសករាជ ២៥៦៦ ត្រូវនឹងថ្ងៃទី១៧ ខែកញ្ញា ឆ្នាំ២០២២ ដែលមានដូចតទៅ៖,neutral
27,pair1,គូសបញ្ជាក់ផងដែរថា ល្បែងស៊ីសងទាំងអស់នេះ អាចបណ្តាលឱ្យមានអំពើហិង្សា ការលួចឆក់ប្លន់ និងជាកន្លែងប្រើប្រាស់ជួញដូរចែកចាយគ្រឿងញៀនផងដែរ។,negative
28,pair1,អ្នកស្រីបានលើកឡើងថា៖ ខ្ញុំចូលចិត្តអគារនៅសាលាវិទ្យាស្ថានភាសាបរទេសជាងគេ ព្រោះវានៅសល់គូទឹក នៅសល់សួនច្បារ ហើយនៅពេលយើងនៅក្នុងអគារហ្នឹងមានអារម្មណ៍ថា វាត្រជាក់ស្រួលខ្លួន។,positive
29,pair1,កាលបើអង្គុយស្រួលបួលហើយបានដឹងកិច្ចការនោះសព្វគ្រប់បុរសទំពែកទាំង៤នាក់ក៏អង្គុយនៅស្ងៀមសញ្ជឹងគិតមួយសន្ទុះរួចឃុតក៏ចាប់និយាយមុនគេឡើងថា៖ទំពក់វាទៅទើបព្នៅវាមក។,neutral
32,pair1,ក្រៅពីទម្លាប់ទទួលទានល្អ អ្នកក៏អាចធ្វើឲ្យសុខភាពកាន់តែប្រសើរឡើងមួយកម្រិតទៀត តាមរយៈការហាត់ប្រាណទៀងទាត់ និងកាត់បន្ថយការទទួលទានគ្រឿងស្រវឹង។,positive
33,pair1,ក្នុងសម័យឌីជីថលនេះ តួនាទីរបស់ទូរសព្ទស្មាតហ្វូនមានសារៈសំខាន់ខ្លាំងណាស់ ក្នុងការគាំទ្រសកម្មភាពមនុស្ស។,positive
35,pair1,នៅក្នុងសៀវភៅទក្ខិណានុប្បទានបានពន្យល់ថា ហេតុដែលនាំឱ្យកើតបុណ្យមានតែបីចំណុចប៉ុណ្ណោះគឺចេតនាទាំងបីហ្នឹងឯងជាប្រភពនាំឱ្យកើតបុណ្យ ដែលពាក្យថាចេតនានេះប្រែថា ការជ្រះថ្លា សប្បាយរីករាយ ពេញចិត្តក្នុងទង្វើល្អផ្សេងៗ មានចំណាយទ្រព្យធ្វើបុណ្យជាដើម ។,positive
37,pair1,លោកបានបន្ថែមថា ការបំភាយឧស្ម័នផ្ទះកញ្ចក់ចំនួន ៧០ លានតោនផ្សេងទៀតអាចត្រូវបានផលិតសម្រាប់ការកសាងឡើងវិញនូវហេដ្ឋារចនាសម្ព័ន្ធ និងអគារដែលត្រូវបានបំផ្លាញក្នុងអំឡុងសង្គរាម៕,negative
38,pair1,ឧស្សាហកម្មកំពុងផ្លាស់ប្តូរ ដំណើរការរបស់ពួកគេកំពុងឆ្ពោះទៅរកខ្សែចង្វាក់តម្លៃ។,neutral
42,pair1,ខ្សែបម្រើការពារស្លាបរបស់ក្រុមភ្នំពេញក្រោន កីឡាករ យ៉ើ ម៉ូស្លីម បានឱ្យដឹងថា បាទ បងពួកខ្ញុំបានត្រៀមខ្លួន១០០% ដើម្បីឡើងទៅវគ្គបន្ត ហើយពួកខ្ញុំបាន និងខិតខំ ប្រឹងប្រែងឱ្យអស់ពី សមត្ថភាពដែលពួកយើងមាន។,positive
43,pair1,គោលបំណងនៃគោលដៅនេះ គឺពឹងផ្អែកលើការចាប់យកជំនាញ និងការកសាងសមត្ថភាពដើម្បីទទួលបាននូវចំណេះដឹងដែលកម្ពុជា និងប្រជាជនកម្ពុជាត្រូវការ។,positive
44,pair1,ទន្ទឹមនឹងនេះ អនុស្សរណៈរបស់សេតវិមានក៏បានលើកឡើងផងដែរថា ប្រាក់នឹងត្រូវប្រើប្រាស់សម្រាប់ការអប់រំ និងការបណ្តុះបណ្តាលយោធាអ៊ុយក្រែន។,neutral
45,pair1,យើងក៏កំពុងធ្វើការដើម្បីសម្របយុទ្ធសាស្ត្រការពាររបស់យើងទៅនឹងការគំរាមកំហែងផ្លាស់ប្តូរដែលយើងប្រឈមមុខ»។,neutral
46,pair1,ជាងនេះទៅទៀត ប្រសិនបើមុខវិជ្ជាណាមួយត្រូវបានបង្រៀន ហើយបន្ទាប់មកត្រូវបានពង្រឹងតាមរយៈហ្គេមដែលមានកម្មវិធី វាពិតជាជួយក្នុងការបង្កើនការចងចាំរបស់ពួកគេ និងពង្រឹងការរៀនសូត្ររបស់ពួកគេអំពីគោលគំនិត ។,positive
47,pair1,(សៀមរាប)៖ អភិរក្សដ្ឋានអង្គរសៀមរាបនឹងបើកទ្វារឲ្យសាធារណជនចូលទស្សនាវត្ថុសិល្បៈក្នុងអភិរក្សដ្ឋានអង្គរដោយសេរីនៅថ្ងៃទី១៧ ខែកញ្ញា ឆ្នាំ២០២២។,positive
49,pair1,ក្នុងស្ថានភាពនេះ លោកបានមើលឃើញទៀតថា ទីផ្សារតម្រូវការសេវាថែទាំសុខភាពរបស់ប្រជាជនកម្ពុជាមានទំហំធំ។,positive
50,pair1,ដល់កន្លែងបុរសនោះសុំអំបិលដាក់កាហ្វេ,neutral
51,pair1,មិត្តភក្តិខ្លះស្គាល់យើងពេលយើងមានលុយ ពេលយើងអាចជួយគេបាន ពេលគេអាចពឹងយើងបាន ប៉ុន្តែពេលយើងលំបាកខ្លាំងពួកគេក៏បាត់ទៅណាអស់។,negative
53,pair1,ការងារមានស្ថិរភាព ហើយអ្នកអាចទទួលបានសមិទ្ធផលជាក់លាក់ក្នុងអាជីពរបស់អ្នក ធានាជីវិតរបស់អ្នក។,positive
54,pair1,សវនាការលើកទី៦១ នេះ ជាសវនាការលើកទី២ ដែលតុលាការប្រើពេលពេញមួយថ្ងៃដេញដោលសាក្សី។,neutral
55,pair1,អង្គការសុខភាពពិភពលោកបានព្យាករណ៍ថាតួលេខនេះនឹងកើនឡើងគួរឱ្យកត់សម្គាល់ក្នុងរយៈពេលប៉ុន្មានឆ្នាំខាងមុខនេះ។,neutral
56,pair1,ពួកគេបាននិយាយថា ពួកគេត្រូវបានបង្ខំឱ្យធ្វើការ ហើយមិនបានបើកប្រាក់ខែ ទើបពួកគេសម្រេចចិត្តរត់ចេញទៅប្រទេសវៀតណាម។,negative
57,pair1,ជុំវិញបញ្ហានេះ Lionel Messi ត្រូវបានកាសែតអាម៉េរិក ESPN ដកស្រង់សម្តីថា «ការប្រកួត World Cup នាប្រទេសកាតា នឹងក្លាយជាការប្រកួតចុងក្រោយរបស់ខ្ញុំ ក្នុងក្រុមជម្រើសជាតិអាហ្សង់ទីន»។,neutral
59,pair1,ដោយសារការយល់ឃើញរបស់សាធារណជនបានផ្លាស់ប្តូរ ក្រុមហ៊ុនធានារ៉ាប់រង ក៏កំពុងរក្សាល្បឿន ជាមួយនឹងនិន្នាការផ្លាស់ប្តូរនេះដែរ។,neutral
60,pair1,សាលាអន្តរជាតិសិង្ហបុរី (SCIA) ព្យាយាមនាំមកនូវការអប់រំស្តង់ដាសិង្ហបុរីដែលមានគុណភាពខ្ពស់មកកាន់រាជធានីភ្នំពេញ។,positive
63,pair1,កាលពីចុងខែមិថុនា ឆ្នាំ២០២២ លោក ស ខេង ក៏ធ្លាប់បានបង្ហាញការព្រួយបារម្ភ ខ្លាចអន្តរជាតិដាក់ធនាគារជាតិនៃកម្ពុជាក្នុងបញ្ជីខ្មៅ ដែលជាហេតុធ្វើឱ្យប្រឈមហានិភ័យធំធេងផ្នែកសេដ្ឋកិច្ចនិងនយោបាយផងដែរ។,negative
64,pair1,នេះបើយោងតាមអនុស្សរណៈរបស់សេតវិមាន ដែលផ្ញើទៅកាន់ក្រសួងការបរទេសកាលពីថ្ងៃទី១៥ ខែកញ្ញា។,neutral
65,pair1,នេះរួមបញ្ចូលទាំងការប្រើវាសម្រាប់មើលអ៊ីម៉ែល ឬជជែកជាមួយមិត្តភក្តិមុនចូលគេង សូម្បីតែនៅពេលដែលបិទភ្លើងហើយក៏ដោយ។,neutral
66,pair1,គាត់ក៏បានសម្រេចចិត្តជួយប្រជាជនទាំងអស់ដោយវិធីបាញ់ព្រួយទំលាក់ព្រះអាទិត្យទាំងនោះ។,neutral
68,pair1,តាមរយៈភរិយារបស់ខ្ញុំ ខ្ញុំបានដឹងហើយចំពោះការមកដល់របស់លោកនៅទីនេះ,neutral
73,pair1,ការប្រារព្ធទិវាផងដែរ គឺក្នុងគោលបំណងបំផុសឡើងវិញនូវវប្បធម៌ និងប្រពៃណីនៃការរម្លឹកគុណូបការៈរបស់សិស្សចំពោះគ្រូបង្រៀននៅទូទាំងប្រទេស៕,positive
76,pair1,ចំពោះប្រភេទទូទៅបំផុតនៃការគេងមិនដកដង្ហើមផ្លូវខ្យល់ក្លាយជាស្ទះឬត្បៀតអំឡុងពេលគេង។,neutral
78,pair1,កាំជ្រួចមីស៊ីលផ្លោងរយៈចម្ងាយខ្លី (SRBMs) ថ្មីៗបំផុតរបស់កូរ៉េខាងជើង ត្រូវបានរចនាឡើងដើម្បីហោះហើរលើគន្លងទាប ហើយមានសក្តានុពលសមយុទ្ធ ដែលបង្កភាពស្មុគស្មាញក្នុងការស្វែងរក និងស្ទាក់ចាប់ពួកវា។,negative
79,pair1,ស្ថាប័នទាំងនេះមានអ្នកជំនាញឃ្លាំមើលសវនាការរបស់ពួកគេ ដែលជាអ្នកឃ្លាំមើលដោយឯករាជ្យ ចាំតាមដានឃ្លាំមើលសវនការរបស់កញ្ញា សេង ធារី។,negative
80,pair1,បើទោះបីជាពួកគេអះអាងថា មានការបោះឆ្នោតគាំទ្រគំនិតនោះក៏ដោយ។,neutral
83,pair1,បំណកប្រែតាមន័យសុទ្ធបែបនេះ ច្រើនត្រូវបានអនុវត្តចំពោះ កិច្ចសន្យា លិខិតពាណិជ្ជកម្ម លិខិតច្បាប់ផ្សេងៗ ដូចជាសន្ធិសញ្ញា រវាងពីរប្រទេសជាដើម។,neutral
84,pair1,ណាវីគ្រវីក្បាលដោយទឹកមុខស្ងួត,neutral
86,pair1,ក្រោយមកអ្នកគ្រប់គ្រងកម្មវិធី និងជាចាងហ្វាងផលិតកម្មមហាហង្ស លោក អ៊ិន សុភិន បានចេញលិខិតបំភ្លឺសុំទោស នៅថ្ងៃទី២៥ ខែសីហា ឆ្នាំ២០២២ ប៉ុន្តែបានបង្កកំហុសឆ្គងម្តងទៀត...។,positive
90,pair1,ដោយឡែកមូលដែលធ្វើឱ្យស្ពានយោលត្រូវទឹកគួចដាច់ទាំងស្រុងនេះ គឺបណ្តាលមកពីភ្លៀងខាងលើខ្លាំងហើយនាំមកនូវសំរាមឈើធំៗមកជាប់នឹងសំណាញ់ដៃស្ពាន ទើបដាច់ទៅទាំងផ្ទាំងតែម្តង។,negative
91,pair1,ភ្លៀងធ្លាក់ខ្លាំងតាមរដូវម្តងទៀត បានវាយលុកភាគពាយព្យនៃប្រទេសថៃកាលពីថ្ងៃអាទិត្យទី ៩ ខែតុលា បណ្តាលឱ្យមានទឹកជំនន់បន្តរីករាលដាល ជាពិសេសនៅតំបន់ភាគខាងជើងឆៀងខាងកើត និងកណ្តាល។,negative
92,pair1,បើតាមលោក អំ សំអាត អ្នកស្រី ចក់ សុភាព ត្រូវបានអយ្យការចោទសួរអំពីប្រភពមូលនិធិដែលត្រូវបានផ្តល់ជូនមជ្ឈមណ្ឌលសិទ្ធិមនុស្សកម្ពុជា អំឡុងពេលអ្នកស្រីបំពេញការងារជាមួយលោក កឹម សុខា។,negative
96,pair1,សូមរំលឹកផងដែរថា កាលពីថ្ងៃទី៨ ខែតុលា ឆ្នាំ២០២២ លោក វេង សាខុន ត្រូវបានព្រះករុណា ព្រះបាទសម្តេច ព្រះបរមនាថ នរោត្តម សីហមុនី ព្រះមហាក្សត្រនៃកម្ពុជា បានចេញព្រះរាជក្រឹត្យបញ្ចប់មុខតំណែងលោក វេង សាខុន ពីរដ្ឋមន្រតីក្រសួងកសិកម្ម រុក្ខាប្រមាញ់ និងនេសាទ...៕,negative
98,pair1,កាត់បន្ថយបុគ្គលគ្រាប់ល្ពៅនឹងមន្រតីគ្រាប់ល្ពៅមិនងាយអស់ទេអូនស្រីអើយ អូនជាអ្នកចេះដឹងកុំខ្វល់រឿងឥតប្រយោជន៍អី ខ្ញុំរង់ចាំមើល video អូនគ្រប់ពេលណា,negative
101,pair1,"ព្រះអង្គជ័យ ស្តេចទ្រង់ទសពិធរាជធម៌ ប្រសើរណាស់, អាណាប្រជានុរាស្តរក្នុងព្រះនគរបានសុខក្សេមក្សាន្ត ឥតមានសឹកសត្រូវអ្វីឡើយ។",positive
109,pair1,បើសិនជាមានរឿងនេះមេបាខ្លះគេប្រកាន់ គេនឹងទៅតាមកាច់សមាជិកគ្រួសារណាម្នាក់ឲ្យឈឺ រហូតតាមរកស្រតីប្រព្រឹត្តកំហុសនោះឃើញតាមរយៈបូលពងមាន់។,negative
117,pair1,សម្រាប់អ្នកឃ្លាំមើល ការកាត់ទោសដោយពិន័យជាប្រាក់រហូតដល់៧៥ម៉ឺនដុល្លារ «ពីបទបរិហាកេរ្តិ៍»នោះ គឺជាដាក់សម្ពាធទៅលើគណបក្សប្រឆាំងមុនការបោះឆ្នោតថ្នាក់ជាតិមកដល់។,negative
118,pair1,(ខេត្តបាត់ដំបង)៖ ប្រធានគណៈបញ្ជាការឯកភាពរដ្ឋបាលខេត្ត និងជាអភិបាលខេត្តបាត់ដំបង ឯកឧត្តម សុខ លូ បានដាក់បញ្ជាជាថ្មីដល់រដ្ឋបាលស្រុកពាក់ព័ន្ធទាំងអស់ បន្តចុះជំរឿនឧបករណ៍នេសាទខុសច្បាប់ ខណៈបទល្មើសនេសាទនៅតែបន្តកើតមាន។,negative
120,pair1,ចំណុចខាងក្រោមទាំងនេះ ជាសញ្ញាបញ្ជាក់អំពីរបៀបដែលទម្លាប់ និង ស្ថានភាពកើតមានឡើងមួយចំនួន និង ដែលកើតឡើងជាទូទៅ អាចប្រើក្លាយទៅជាបញ្ហាធ្ងន់ធ្ងរ។,neutral
126,pair1,រមណីយដ្ឋាននេះលើស្ទឹងបែកជាបួន អមជាមួយនឹងសម្រស់ធម្មជាតិស្រស់ឆើតឆាយ នៃដងទន្លេកាច់កុងពត់ពេន ធ្វើឲ្យភ្ញៀវទេសចរគយគន់មិនចេះធុញទ្រាន់គ្រប់ពេលនោះទេ ដូចជា អ័ព្ទប៉ប្រះទឹកនៅពេលព្រឹក បញ្ចេញរស្មីសុរិយាក្រហមទុំដុតបញ្ឆេះរាត្រីអន្ធការឲ្យមានពន្លឺ និងជាកន្លែងស្ងប់សុខសម្រាប់អ្នកចង់បន្ធូរអារម្មណ៍តានតឹងពី ការងារ។,positive
127,pair1,បច្ចុប្បន្នពិធីបុណ្យភ្ជុំបិណ្ឌ ត្រូវបានប្រជាពលរដ្ឋខ្មែរប្រារព្ធឡើងជារៀងរាល់ឆ្នាំ គឺចាប់ពីថ្ងៃ១រោច ខែភទ្របទ រហូតដល់ថ្ងៃ១៥រោច ខែភទ្របទ ដែលត្រូវនឹងខែកញ្ញា ។,positive
130,pair1,AISPP ក៏ជាសមាជិកមួយនៃសមាគមសាលារៀនអូស្ត្រាលីអន្តរជាតិ (the Australian International School Association) (AISA) ហើយយើងក៏ជាដៃគូសកលជាមួយនឹងសមាគមសាលារៀនឯកជននៃរដ្ឋ New South Wales ប្រទេសអូស្តរាលី (the Association of Independent Schools of New South Wales) ផងដែរ ។,positive
131,pair1,មានអ្វីជាច្រើនដែលយើងអាចរៀនបានពីប្រទេសដទៃដូចជាប្រទេសហ្វាំងឡង់ដែលបានបោះជំហានយ៉ាងធំនៅក្នុងការផ្លាស់ប្តូរការអប់រំ។,positive
132,pair1,"គិតមកត្រឹមឆ្នាំ២០១៤ ចំនួនប្រជាជនកម្ពុជាដែលកំពុងធ្វើការងារ ទាំងស្របច្បាប់ និងមិនស្របច្បាប់ នៅក្រៅប្រទេស បានរីកធំធាត់ដល់ជាង ៦០០,០០០នាក់។",positive
134,pair1,ទន្ទឹមនឹងនោះ សេចក្តីថ្លែងការណ៍ក៏បានសំដៅទៅលើការហ្វឹកហាត់រួមគ្នានៃយន្តហោះចម្បាំង F-35A នៅក្នុងខែកក្កដា និងការដាក់ពង្រាយនាពេលខាងមុខនៃនាវាចម្បាំង USS Ronald Reagan Carrier Strike Group នៅក្នុងតំបន់ ដើម្បីជាការបង្ហាញពីការប្តេជ្ញាចិត្តរបស់សហរដ្ឋអាម៉េរិក។,positive
136,pair1,តើទេពកោសល្យអ្វី ដែលអាចធ្វើឲ្យប្រទេសជិតខាង ទទួលយកសំណូមពរដោយបញ្ជូនកងទ័ពស្មគ្រ័ចិត្តវៀតណាមគៀកស្មារជាមួយកងទ័ពរណសិរ្សរំដោះប្រជាជនកម្ពុជា រហូតទទួលបានជោគជ័យលើរបបប៉ុលពត?,neutral
140,pair1,ទូលព្រះបាទយើងអាចប្តូរប្រាក់បាន,neutral
141,pair1,ក្នុងសន្និសីទសារព័ត៌មាននៅថ្ងៃនេះ មន្ត្រីក្រសួងយុត្តិធម៌៨រូប រួមទាំងអ្នកនាំពាក្យក្រសួងនេះ គឺលោក ជិន ម៉ាលីន បានលើកឡើងពីសមទ្ធផលជាច្រើនដែលក្រសួងបានខំប្រឹងប្រែង និងធ្វើកំណែទម្រង់ប្រព័ន្ធតុលាការនាពេលកន្លងមក មកដល់បច្ចុប្បន្ន។,positive
143,pair1,អាជ្ញាធរត្រូវយកចិត្តទុក ដាក់ដោះស្រាយជម្លោះដីធ្លីជូនប្រជាពលរដ្ឋអោយបានរហ័ស និងមានប្រសិទ្ធិភាព ជាពិសេសការដោះស្រាយក្រៅប្រព័ន្ធតុលាការអោយបានច្រើន ដោយមិនត្រូវលំអៀងខាងភាគីណានោះទេត្រូវឈរនៅកណ្តាល ដើម្បីបម្រើផលប្រយោជន៍ទាំងសងខាង។,negative
144,pair1,បើយោងតាមលោក វណ្ណា បច្ចុប្បន្ននេះក្រៅពីរាជធានីភ្នំពេញ និងខេត្តព្រះសីហនុ វិស័យអចលនទ្រព្យ និងសំណង់ ក៏បាននិងកំពុងឈានឆ្ពោះទៅខេត្តមានសក្តានុពលមួយចំនួនដូចជា កំពត កែប កោះកុង បាត់ដំបង សៀមរាប និងកំពង់ចាម ជាដើម។,positive
145,pair1,លោកបានបន្ថែមថា រថយន្តបានឆ្លងកាត់ប្រទេសប៊ុលហ្គារី ហ្សកហ្ស៊ី អាមេនី អូសេទីខាងជើង និងតំបន់ Krasnodar របស់រុស្ស៊ី មុនពេលមកដល់លើស្ពាន។,neutral
151,pair1,គោលដៅនេះផ្តោតលើទិដ្ឋភាពយ៉ាងទូលំទូលាយ រួមមានអត្រាមរណភាព ចំនួននៃការឆ្លងជំងឺជាច្រើន ការប្រើប្រាស់ថ្នាំជក់ អត្រានៃការធ្វើអត្តឃាត ការស្លាប់តាមដងផ្លូវ និងការទទួលបានសេវាសុខភាពចាំបាច់ និងផែនការគ្រួសារ។,positive
152,pair1,គេវាយតម្លៃថាតំបន់ផ្នូរបុរាណនេះមានសាកសពជាលក្ខណៈម៉ាមមីរហូតដល់ជាងមួយលានឯណោះហើយកប់ក្នុងផ្នូរធ្វើអំពីថ្មកំបោរក្នុងជំរៅដល់ជិត៣០ម៉ែត្រទៅក្រោមកាលសម័យនោះ។,neutral
154,pair1,ម្ចាស់គ្លីនីកមេត្តានៅរាជធានីភ្នំពេញ លោកវេជ្ជបណ្ឌិត ហ៊ាង រតនា មានប្រសាសន៍ប្រាប់វិទ្យុអាស៊ីសេរីថា អ្នកប្រើប្រាស់បារីអេឡិចត្រូនិច មានផលវិបាកធ្ងន់ធ្ងរដល់សុខភាព ដូចជាអ្នកជក់បារីផងដែរ។,negative
156,pair1,សម្រាមច្រើនពេកដឹង ខ្លាចគេឃើញ,neutral
158,pair1,កាលពីខែមិថុនា ព្រះតេជគុណ គូ សុភាព អ្នកនាង ខាត់ សុឃីម បានទៅលេងផ្ទះ ថៅកែតែគុជ Boba Tea ដែរ។,neutral
160,pair1,បន្លែដែលមានស្លឹកពណ៌បៃតងដូចជាស្ពៃចង្កឹះ និងខាត់ណាក៏ជាប្រភពផ្តល់នូវ folate ដ៏ល្អបំផុតដែរ។,positive
162,pair1,ប៉ុន្តែចាប់ពីបិណ្ឌទី ៤ ទៅដើម្បីរក្សានូវជីវិតរក្សាកុំឲ្យមានការរាលដាលនៃជំងឺឆ្លងដ៏កាចសាហាវនេះសម្តេចក៏បានចេញបញ្ជាមិន ឲ្យមានការជួបជុំដើម្បីការពារការឆ្លងកូវីដ១៩ និងស្លាប់ដោយសារកូវីដ។,negative
168,pair1,លោកយល់ឃើញថា ពលរដ្ឋ ដែលផ្ទុកមេរោគអេដស៍ គឺងាយរងគ្រោះបំផុត ហើយការយកចិត្តទុកដាក់របស់អាជ្ញាធរជារឿងសំខាន់៖ «ត្រូវតែបង្កើនការយកចិត្តទុកដាក់លើពួកគាត់ ហើយពួកគាត់ ដែលមានផ្ទុកមេរោគអេដស៍ហ្នឹង គឺពួកគាត់ឥឡូវ ក៏កាន់តែវ័យចាស់ៗ ជរាហើយ។,negative
171,pair1,យោងតាម អារ៉ាប៊ីសាអូឌីត ដែលជាមេដឹកនាំរបស់ក្រុមនេះ បានអះអាងថា៖«ការកាត់បន្ថយការផ្គត់ផ្គង់ប្រេងស្មើនឹងប្រហែល ២ ភាគរយនៃការផ្គត់ផ្គង់ប្រេងទូទាំងពិភពលោក គឺជាការឆ្លើយតបទៅនឹងកំណើនអត្រាការប្រាក់នៅលោកខាងលិច និងការធ្លាក់ចុះនៃសេដ្ឋកិច្ចពិភពលោក»។,negative
173,pair1,អង្គការអន្តរជាតិអំពាវនាវប្រទេសជាសមាជិកអង្គការសហប្រជាជាតិ កុំបោះឆ្នោតគាំទ្របេក្ខភាពវៀតណាម ជាសមាជិកក្រុមប្រឹក្សាសិទ្ធិមនុស្ស,negative
176,pair1,នារសៀលថ្ងៃទី១៦ មិថុនា នៅទីក្រុង New Delhi ប្រទេសឥណ្ឌា រដ្ឋមន្ត្រីការបរទេសវៀតណាមលោក Bui Thanh Son បានអញ្ជើញចូលរួមសម័យពិភាក្សាថ្នាក់រដ្ឋមន្ត្រីការបរទេសស្តីពីរយៈពេល ៣០ ឆ្នាំ នៃទំនាក់ទំនងអាស៊ាន-ឥណ្ឌា ក្នុងក្របខ័ណ្ឌនៃកិច្ចសន្ទនា Delhi លើកទី ១២ ដោយប្រធានបទ “កសាងស្ពានតភ្ជាប់មហាសមុទ្រឥណ្ឌា-ប៉ាស៊ីហ្វិក”។,neutral
179,pair1,ចាស់ៗគឺបែបនេះ គាត់ធ្វើផ្ទះធំគឺដើម្បីអោយកូននិងចៅៗគាត់មកជួបជុំគ្នាប្រកបដោយភាពរីករាយនិងមានសេចក្តីសុខ,positive
182,pair1,ហេតុនេះ ទ្រង់ប្រោសប្រទាន ព្រះរាជវិនិច្ឆ័យថា : ក្របីដែលស្លាប់នេះ ទុកជាកម្មរបស់សត្វចុះយើងនឹងយកទោសពញាជ័យមិនបានទេ។,neutral
184,pair1,ទុករយៈពេល ២០-៣០ នាទី បន្ទាប់ត្រូវលាងអំបិលចេញ មុនពេលដាំស្លរ។,neutral
185,pair1,បច្ចុប្បន្នមានគំរូសាលាជំនាន់ថ្មីសាកល្បងប្រមាណ ១១ សាលាដែលកំពុងដំណើរការនៅទូទាំងប្រទេសដោយមានគោលដៅពង្រីកគំរូដល់ ១០០ សាលានៅឆ្នាំ ២០២២ ។,neutral
193,pair1,លោកផន សុភី រស់នៅសង្កាត់ ទឹកវិល ក្រុងសៀមរាប បានឱ្យដឹងថា លោកបានចាប់ផ្តើមការងារដាំដុះដំណាំកាកាវរយៈ ពេល២ឆ្នាំមកហើយ តាមរយៈការចុះកិច្ចសន្យាដាំដុះជាមួយក្រុមហ៊ុនមួយ ដែលប្រមូលទិញវិញនូវផ្លែកាកាវ ដែលលោក និងកសិករដទៃទៀតប្រមូលផលបាន ក្នុងតម្លៃមួយច្បាស់លាស់។,neutral
199,pair1,គាត់ជិះកង់ឌុបគ្នាឆ្ងាយដែរពីទួលសង្កែទៅសាលាឥន្ទរទេវី សព្វថ្ងៃនេះកូនស្រីច្បងដែលគ្នាមានអាយុទើបតែ ១៣ ឆ្នាំ តែត្រូវមករ៉ាប់រងគ្រួសារទៅវិញ។,negative
200,pair1,កែវភ្នែកមូលថ្លាសម្លឹងគេដោយក្តីសង្ឃឹមថានឹងបានឃើញអ្វីដែលហៅថាហទយវត្ថុនោះ,positive
202,pair2,នេះជាការអះអាងរបស់អ្នកនាំពាក្យក្រសួងអប់រំ។,neutral
203,pair2,ថ្លែងតាមកាមេរ៉ា លោក Bastrykin បាននិយាយថា ក្រុមអ្នកស៊ើបអង្កេតបានបង្កើតផ្លូវដែលរថយន្តនោះបានធ្វើដំណើរ និងបុគ្គលដែលពាក់ព័ន្ធនឹងចលនារបស់វា។,neutral
204,pair2,ជាចុងបញ្ចប់លោកយាយបានថ្លែងអំណរគុណចំពោះគម្រោងដែលបានជួយនិងគិតគូដល់ក្រុមគ្រួសាររបស់គាត់ឱ្យមានជីវភាពប្រសើរឡើងដូចថ្ងៃនេះហើយបានស្នើសុំឱ្យគម្រោងបន្តជួយនិងយកចិត្តទុកដាក់ចំពោះគ្រួសារដែលបានរងគ្រោះនិងងាយរងគ្រោះដទៃទៀតនៅក្នុងសហគមន៍របស់គាត់និងសហគមន៍ផ្សេងៗទៀតឱ្យមានភាពប្រសើរឡើងដូចជាគ្រួសាររបស់គាត់។,positive
209,pair2,វាអាចនៅមានចំនួនតិចតួចបំផុត ហើយ ការទទួលទានចំនួន ៥ កែវ ឬ ច្រើនជាងនេះ អាចស្មើនិង កាហ្វេមានសារជាតិកាហ្វេអ៊ីនដែលទទួលទានរាល់ថ្ងៃចំនួន ១ កែវ។,neutral
210,pair2,ចំណូលដុលគឺជាតម្លៃទីផ្សារនៃផលិតផលទាំងអស់ដែលបានពីផលិតកម្មទាំងមូល,neutral
211,pair2,កាលនោះខ្ញុំនៅចាំបានថា យើងទាំងអស់គ្នាបានធ្វើដំណើរតាមក្រុមហ៊ុនទេសចរណ៍មួយក្នុងថ្ងៃបុណ្យអុំទូក ដែលមានអ្នកទៅលេងសរុបចំនួន២៥នាក់ មានទាំងក្មេងតូចរហូតដស់អ៊ំប្រុស អ៊ំស្រីចាស់ៗ។,neutral
213,pair2,ត្រូវចងចាំក្នុងចិត្តថាក្មេងៗមានក្រពះតូចជាងមនុស្សុពេញវ័យ ប៉ុន្តែត្រូវការថាមពលខ្ពស់ជាងមនុស្សពេញវ័យ។,neutral
214,pair2,នៅគ្រាដែលភិក្ខុអង្គនោះមកដល់ ព្រះអង្គក៏សម្តែងមាតុបោសកសូត្រ៤ ពោលសរសើរគុណមាតាបិតា។,positive
216,pair2,កសាងនិងធ្វើឱ្យប្រសើរឡើងនូវសម្ភារៈបរិក្ខារអប់រំ ដែលធ្វើឲ្យមានភាពប្រែប្រួលដល់កុមារ អ្នកបាត់បង់សមត្ថភាពពលកម្មនិងយែនឌ័រ និងផ្តល់នូវសុវត្ថិភាព គ្មានអំពើហិង្សា មានបរិស្ថាននៃការសិក្សាប្រកបដោយបរិយាបន្ននិងប្រសិទ្ធិភាពសម្រាប់ប្រជាជនគ្រប់រូប។,positive
217,pair2,រាជធានីភ្នំពេញ៖ សម្តេចតេជោ ហ៊ុន សែន នាយករដ្ឋមន្ត្រីនៃកម្ពុជា បានផ្តាំផ្ញើទៅអ្នកមិនព្រមស្ម័គ្រចិត្តរុះរើសចេញពីតំបន់អង្គរថា នៅពេលដែលដល់ពេលកំណត់ហើយ នៅតែមិនព្រមចេញ សម្តេច..មិនសុខចិត្តឱ្យអង្គរវត្តត្រូវគេដកចេញពីបេតិកភណ្ឌពិភពលោកទេ ច្បាស់ជាដកគ្រួសារទាំងនោះចេញហើយ...។,negative
218,pair2,ពួកយើងចំណាយពេលប្រហែល២០នាទី ទៅដល់កន្លែងអង្គុយរង់ចាំឡើងយន្តហោះអ៊ំស្រីអាវក្រហមនៅតែបន្តរអ៊ូដដែលថា ហ្អើយ! ថ្មើរនេះនៅហើយមិនទាន់មកដល់ទៀត សង្ស័យតែយន្តហោះចេញចោលណាស់។,negative
219,pair2,ចោរនោះធ្វើពុំកើតក៏ក្រាបទូលថា“ខ្ញុំព្រះបាទអម្ចាស់បានពីប្រពន្ធ”,neutral
221,pair2,ធ្លាប់តែមើលស្ទឹង បឹង ទន្លេ សមុទ្រ តស់! ទៅទស្សនាសម្រស់ស្ទឹងពពកម្តងវិញ ទេសភាពស្អាតអស្ចារ្យ ឈរលើភ្នំ មើលបណ្តុំពពកសក្បុស ពេលថ្ងៃរះ។,positive
222,pair2,កម្លាំងចិត្តប្រកួតប្រជែងរបស់អ្នក នឹងជួយជំរុញឲ្យអ្នកធ្វើអ្វីបានហួសពីដែនកំណត់។,positive
223,pair2,ចំណែកបណ្តឹងរបស់គណៈកម្មាធិការជាតិរៀបចំការបោះឆ្នោត(គជប) ដែលប្តឹង លោក សុន ឆ័យ ចៅក្រមជំនុំជម្រះ លោក ហម ម៉េងសែ សម្រេចផ្តន្ទាទោសនិងពិន័យជាប្រាក់ចំនួន៩ លានរៀល ចូលរដ្ឋ ក្រោមបទចោទប្រកាន់ «បរិហារកេរ្តិ៍ជាសាធារណៈ» ដូចគ្នា។,neutral
224,pair2,អេដមីន អួលដើមករ រលីងរលោងទឹកភ្នែក ដោយមិនដឹងខ្លួន…,negative
226,pair2,លើសពីនេះ ភាគីទាំងពីរក៏បានពិភាក្សា និងផ្លាស់ប្តូរយោបល់លើប្រធានបទពាក់ព័ន្ធ រួមមាន វិស័យមីក្រូហិរញ្ញវត្ថុ ហិរញ្ញប្បទានសម្បទាននិងវឌ្ឍនភាព នៃកិច្ចសហប្រតិបត្តិការអភិវឌ្ឍន៍ រវាងប្រទេស ទាំងពីរផងដែរ ។,neutral
228,pair2,នៅក្នុងលិខិតមួយផ្ញើទៅក្រុមហ៊ុន Netflix អាជ្ញាធរផ្សព្វផ្សាយ និងព័ត៌មានអេឡិចត្រូនិករបស់វៀតណាមបាននិយាយថា រឿងនេះបានបំពានច្បាប់របស់ប្រទេសប្រឆាំងនឹងការបំភ្លៃប្រវត្តិសាស្តរ បដិសេធសមិទ្ធផលបដិវត្តន៍ ធ្វើឱ្យប៉ះពាល់ដល់ប្រទេសជាតិ និងវីរបុរសរបស់ប្រទេស។,negative
234,pair2,តាមពិតកម្មវិធីភាសាដែលយើងបានសម្ពោធនៅមុនភាសាខ្មែរគឺភាសាឡាវដូចលោកមានប្រសាសន៍នៅពេលមុននេះ។,neutral
236,pair2,សូម្បីតែពេលយើងប្រដៅកូនក៏គួរស្រឡាញ់ដែរ ។,positive
238,pair2,លោកប្រធានាធិបតីបារាំង Emmanuel Macron បានលើក ឡើងទៀតថា ការធ្វើពហិការការទូតបែបនេះគ្មានសារៈសំខាន់ និងសឹងតែគ្មាននិមិត្តរូបអ្វីនោះទេ។,negative
239,pair2,សម្តេចតេជា ហ៊ុន សែន បានសង្កត់ធ្ងន់ថា៖ «ក្រុមការងារបង្ករាបការលេងល្បែងស៊ីសងខុសច្បាប់គ្រប់ប្រភេទ ត្រូវធ្វើរបាយការណ៍អំពីលទ្ធផលការងារនេះជូន សម្តេចក្រឡាហោម ស ខេង ឧបនាយករដ្ឋមន្ត្រី រដ្ឋមន្ត្រីក្រសួងមហាផ្ទៃ ដើម្បីជ្រាប និងស្នើសុំមតិដឹកនាំបន្ត»។,neutral
241,pair2,ច្បាប់និងបញ្ញត្តិសំខាន់ៗទាំងឡាយត្រូវបានចាត់ថ្នាក់តាមលំដាប់លំដោយ។,neutral
243,pair2,ជួនកាលការវាយតម្លៃទង្វើភាពក៏គួរតែបង្ហើយមុននឹងពួកគេទៅធ្វើការនៅគម្រោងផ្សេងទៀត,neutral
245,pair2,ការធ្វើបញ្ជីនេះ ក៏មានន័យថាអ្នកមានផែនការយ៉ាងច្បាស់លាស់សម្រាប់របបអាហារប្រចាំថ្ងៃ និងសប្តាហ៍ទុកជាមុន។,neutral
247,pair2,បង្កើតវេទិកាឌីជីថលចំនួន ៣ ដូចខាងក្រោម ដើម្បីរៀបចំប្រព័ន្ធអប់រំអេឡិចត្រូនិក៖,neutral
248,pair2,បានខ្ញុំនឹងរង់ចាំតែឥឡូវមកជួយសង់ប្រាសាទខ្សាច់ខ្ញុំសិនម៉ោ ខ្ញុំសង់ជិតហើយហើយក្មេងស្រីនិយាយព្រមទាំងចង្អុលទៅគំនរខ្សាច់និងកូនប្រាសាទតូចៗដែលខ្លួនបានសាងសង់,neutral
250,pair2,មិនថាជនជាតិឥណ្ឌា ម៉ាឡេស៊ី ឬចិននោះទេ ម្ហូបមួយចំនួនរបស់ពួកគេ គឺល្បីល្បាញពីធាតុផ្សំដែលផ្ទុកនូវអាហារូបត្ថម្ភជាច្រើន។,positive
251,pair2,ខ្ញុំស្គាល់អត្តសញ្ញាណខ្លួនឯង ខ្ញុំរស់នៅក្នុងសេចក្តីពិត សេចក្តីស្រឡាញ់ដែលមិនប្រួលប្រែ មានសេរីភាពពីចំណងទាំងឡាយនៅក្នុងជីវិត។,positive
253,pair2,បើដូច្នេះ បងសុភាទន្សាយអាណិតជួយដោះទុក្ខអស់បងប្អូនខ្ញុំ ឲ្យបានរួចពីភ័យម្តងនេះ នឹងបានល្បីកេរ្តិ៍ឈ្មោះតទៅ អស់យើងនឹងតបគុណបងសុភាទន្សាយឯង យើងមិនភ្លេចគុណដរាបដល់អស់ជីវិត ។,positive
257,pair2,ប្រទេសមួយចំនួនកំពុងរង់ចាំការចូលរួមក្នុងប្លុកនេះ ខណៈប្រទេសមួយទៀតគឺចក្រភពអង់គ្លេស ជាប្រទេសតែមួយគត់ដែលបានចាកចេញពីប្លុក។,neutral
258,pair2,ពួកគេត្រូវស្វែងរកដំណោះស្រាយ ពីព្រោះពួកគេមិនអាចបង្ខំខ្លួនឯងឱ្យចូលចិត្តប្រព័ន្ធនេះដូចដែលវាមាន។,negative
260,pair2,បន្ទាប់មក ជីដូនបាននាំចៅមក មន្ទីរពេទ្យគន្ធបុប្ផាវិញនៅថ្ងៃទី១៨ ខែតុលា ឆ្នាំ២០២២ វេលាម៉ោង៨យប់ ស្ថិតក្នុងស្ថានភាពធ្ងន់ធ្ងរបំផុតដែលត្រូវសង្គ្រោះបន្ទាន់ (Cardio-Respiratory Failure)។,negative
261,pair2,"លោកបាននិយាយថា នោះអាចប៉ះពាល់ដល់ផលិតភាព និងការនាំចេញ ហើយមានសក្តានុពល "" ធ្លាក់ចុះ "" ផលប៉ះពាល់លើបញ្ហាដូចជា ចំណាត់ថ្នាក់ឥណទានរបស់ប្រទេស និងសូម្បីតែស្ថិរភាពនយោបាយ។",negative
263,pair2,អាមេរិកយកប្រទេសអ៊ុយក្រែនធ្វើជាកន្លែងសាកល្បងអាវុធរបស់ខ្លួនឯងជាមួយប្រទេសរុស្ស៊ី។,negative
264,pair2,នៅក្នុងរាជធានី គោលដៅទាំង២ដែលបង្ក្រាបគ្រឿងញៀនបានធ្វើនៅចំណុច សួនច្បារមាត់ទន្លេ មុខវាំងលើផ្លូវព្រះស៊ីសុវត្ថិ ស្ថិតក្នុងសង្កាត់ជ័យជំនះ ខណ្ឌដូនពេញ និងគោលដៅទី២ នៅចំណុច ខុនដូឃ្វីន ផ្លូវលេខ៣០៨ ស្ថិតក្នុងភូមិ៥ សង្កាត់ទន្លេបាសាក់ នៃខណ្ឌចំការមន។,neutral
265,pair2,ការប្រើប្រាស់ភាសា គឺជាបញ្ហាប្រឈមដ៏ធំមួយដែលជនជាតិដើមភាគតិចបានជួបប្រទះក្នុងការសិក្សារបស់ពួកគេ។,negative
266,pair2,យោងតាមក្រសួងបានឱ្យដឹងថា កម្រិតវិទ្យុសកម្មនៅទីតាំងរោងចក្រហ្សាផូរីហ្សា ដែលជារោងចក្រថាមពលនុយក្លេអ៊ែរដ៏ធំបំផុតរបស់អឺរ៉ុប នៅតែមានលក្ខណៈធម្មតានៅឡើយ។,neutral
267,pair2,ឆាប់ខឹង(ចំពោះបុរស)៖ ជំងឺធ្លាក់ទឹកចិត្តអាចប៉ះពាល់ដល់ភេទខុសៗគ្នា។,negative
268,pair2,(រាជធានីភ្នំពេញ)៖ គណៈកម្មាធិការជាតិគ្រប់គ្រងគ្រោះមហន្តរាយ បានជំរុញឱ្យអាជ្ញាធរបណ្តាខេត្តជាប់បឹងទន្លេសាបទាំងអស់ ពិសេសខេត្តសៀមរាប និងខេត្តកំពង់ធំ ឱ្យចុះសិក្សាលទ្ធភាពផ្តល់ពូជស្រូវជូនកសិករដែលរងគ្រោះដោយទឹកជំនន់ធ្ងន់ធ្ងរ ដើម្បីអាចស្តារជីវភាពឡើងវិញទាន់ពេលវេលា។,neutral
269,pair2,អ្នកនាង គិនកេសា បានថ្លែងថា៖ «ក្នុងឆ្នាំ ២០២២ នេះយើងអាចនឹងឃើញសកម្មភាពជួលបន្តលូតលាស់បន្ថែមទៀត ក៏ប៉ុន្តែដោយសារមានគម្រោងថ្មីៗជាច្រើនដែលគ្រោងនឹងបើកក្នុងឆ្នាំនេះផងដែរ ដូច្នេះទីផ្សារកន្លែងជួលលក់រាយអាចនឹងមានការប្រកួតប្រជែងកាន់តែខ្លាំងលើតម្លៃជួល និងលក្ខខណ្ឌអនុគ្រោះនានា»។,neutral
272,pair2,ទឹកជំនន់ ជំងឺសារវាស្គាល់អាធ្លាក់រដូវភ្លៀងមកម្តង ២ដង វាចាប់ផ្តើមជួនកាលទៅវាស៊ីប៉ះថ្នាំពុលណាបង ក្របីនេះដល់ពេលជំងឺប៉ះថ្នាំពុលហើមតែពោះធម្មតា ប៉ះណាទៅឈឺប្រកាច់យកតែម្តង»។,negative
274,pair2,លើសពីនោះ លោកសង្ឃឹមថា ហ្វីលីពីននឹងក្លាយជាប្រទេសមួយដែលរួមចំណែកដល់ខិតខំប្រឹងប្រែង ដើម្បីស្វែងរកសន្តិភាពផងដែរ។,positive
275,pair2,អ្នកស្រាវជ្រាវបានចាត់ទុកកូដដែលមាននៅក្នុងកម្មវិធី TikTok គឺវាស្មើនឹងការលួចដំឡើងកម្មវិធី keylogger ទៅក្នុងកម្មវិធីគេហទំព័រមួយចំនួន ដែលជនខិលខូចតែងតែប្រើដើម្បីលួចទាញយកទិន្នន័យរបស់អ្នកប្រើប្រាស់។,negative
276,pair2,លើសពីនេះ ក៏ជាឱកាសផ្សព្វផ្សាយពីប្រធានបទរបស់កីឡាអាស៊ី ដែលផ្តោតសំខាន់ «កីឡាដើម្បីទាំងអស់គ្នា»។,neutral
277,pair2,សាលារដ្ឋភាគច្រើនត្រូវបានគេមើលឃើញថានៅតំបន់ជនបទ។,neutral
279,pair2,បើព្រៃឈើត្រូវបានការពារ ប្រព័ន្ធអេកូឡូស៊ីក៏នឹងដំណើរការបានល្អ ដែលអាចផ្តល់នូវអត្ថប្រយោជន៍ជាច្រើនដែលរួមមាន៖,positive
280,pair2,ក្នុងករណីបែបនេះថិរវេលាសម្រាប់សកម្មភាពត្រូវបានប៉ាន់ប្រមាណដោយរូបមន្ត,neutral
282,pair2,ធម្មជាតិជាដើមឈើគឺល្អបែបនេះឯង ពួកគេប្រឹងប្រែង ដុះ ប្រឹងប្រែងរស់ តាមធម្មជាតិរបស់ពួកគេ រស់ដោយមិនបៀតបៀនគ្នា កេងប្រវ័ញ្ចគ្មា សម្លាប់គ្នាដើម្បីប្រយោជន៍ខ្លួន រស់តាមលទ្ធភាព ការតស៊ូរបស់ពួកគេ ដើម្បីសំរបតាម ធម្មជាតិ បើទោះជាមានការប្រែប្រួល ជាបន្តបន្ទាប់យ៉ាងណាក៏ដោយ,positive
283,pair2,ខ្ញុំចង់ទៅលាងចាននិងធ្វើការរៀបចំ,neutral
284,pair2,តាមគំនូសក្រាភិចបញ្ជាក់អំពីកំណើននិងការធ្លាក់ចុះនៃសេដ្ឋកិច្ចតាមឆ្នាំនីមួយៗ,neutral
285,pair2,ភ្នំពេញ ក្រុមហ៊ុន DBD Engineering Plc ដែលចុះបញ្ជីនៅផ្សារកំណើននៃផ្សារមូលបត្រកម្ពុជា (CSX) និងជា ក្រុមហ៊ុនវិស្វកម្មពហុបំណង និងសំណង់ក្នុងស្រុកបានរាយការណ៍ពីការធ្លាក់ចុះប្រាក់ចំណូលក្នុងត្រីមាសទី ១ ឆ្នាំនេះ ដោយសារតែការធ្លាក់ចុះនៃសកម្មភាពនៅក្នុងទីផ្សារសំណង់ និងអចលនទ្រព្យ។,neutral
287,pair2,បន្ថែមពីនេះ ករណីជំងឺផ្លូវចិត្តធ្ងន់ធ្ងរខ្លាំង ដោយមិនទទួលបានសេវាព្យាបាលទាន់ពេលវេលា នោះអាចបណ្តាលឲ្យយុវវ័យធ្វើអត្តឃាត ដូចជាការប្រើថ្នាំលេប ចងក ឬលោតសម្លាប់ខ្លួនពីលើស្ពានជាដើម។,negative
290,pair2,ចំណែកភ្នំពេញក្រោន បើកទ្វារកីឡដ្ឋានរបស់ខ្លួនទទួលក្រុម វិសាខា នៅវគ្គពាក់កណ្តាលផ្តាច់ព្រ័ត្រដូចគ្នាថ្ងៃនេះដែរ វេលាម៉ោង៦:៣០នាទីល្ងាច។,neutral
291,pair2,បុគ្គលម្នាក់ហ្នឹងគាត់គ្មានសមត្ថភាពដូចបងស្រី ទើបគាត់ចេះតែរកកំហុសនេះកំហុសនោះ ទាំងដែរខ្លួនឯងមិនច្បាស់,negative
292,pair2,ក្រៅពីងូតទឹកលេងកម្សាន្ត នៅទីនេះក៏មានអាហារឈ្ងុយឆ្ងាញ់ បូករួមនឹងបរិយាកាសស្ងប់ស្ងាត់បែបធម្មជាតិ ដែលនាំឲ្យដំណើរកម្សាន្តលោកអ្នកមិនខកបំណងទេ៕,positive
294,pair2,លោក Helleputte ថ្លែងថា៖ «នៅ Danone យើងជឿជាក់ថាធនធានដ៏មានតម្លៃបំផុតដែលក្រុមហ៊ុនមាននោះ គឺធនធានមនុស្សរបស់យើង។,positive
295,pair2,កាលអ្នកធ្វើស្តេចអង្គុយលើទីដ៏សមគួរមួយហើយ ខាងស្រីគេអោយស្រីម្នាក់ដើរចូលទៅ ខ្សឹបនឹងស្តេចថា ខ្លួនស្រលាញ់ឈ្មោះណាមួយ ឧបមាថាឈ្មោះ ក រឺ ខ ខ្សឹបហើយគេថយទៅអង្គុយ រឺមកឈរនៅកន្លែងដើមវិញ។,neutral
296,pair2,ការរលំរលាយនៃគណបក្សបំផ្លាញជាតិមួយនេះ និងការរឹបអូស ទីស្នាក់ការបក្សដើម្បីជាសំណងរដ្ឋប្បវេណី ដែលអតីតមេបក្សនេះបានប្រព្រឹត្ត គឺជាសារ មួយយ៉ាងច្បាស់លាស់ទៅកាន់មេគណបក្ស ឧទ្ទាម ក៏ដូចជាទៅកាន់កូនចៅរបស់ក្រុមឧទ្ទាមទាំងឡាយថា ជីវិតនយោបាយរបស់អ្នកនយោបាយបម្រើបរទេស និងបំផ្លាញជាតិខ្លួនឯងមានវាសនាមិនខុសគ្នាឡើយ។,negative
297,pair2,ជាមួយទេសភាពភ្នំអមសងខាងជាអំណោយផលពីធម្មជាតិស្រាប់ ភោជនីយដ្ឋានឋានសួគ៌ធម្មជាតិភ្នំវល្លិ បានប្រើប្រាស់រទេះលើផ្លូវអយស្ម័យយាន ដើម្បីដឹកភ្ញៀវទេសចរ គន់មើលទេសភាពចម្ការដំណាំ កសិដ្ឋានចិញ្ចឹមសត្វ និងទេសភាពព្រៃភ្នំ។,positive
299,pair2,ទាំងភោជនីយដ្ឋាន និងណូរី ត្រូវបានសាងសង់រួចហើយតាំងពីឆ្នាំ ២០២១ ដោយផ្តើមទទួលភ្ញៀវជាក្រុមឯកជនសម្រាប់តែការកក់ទុកមុន។,neutral
300,pair2,បើយើងមិនបានស្រលាញ់ខ្លួនឯងគ្រប់គ្រាន់ មិនបានយកចិត្តនឹងខ្លួនឯងគ្រប់គ្រាន់ មិនបានស្មោះត្រង់ចំពោះខ្លួនឯង ភាពហត់នឿយចំពោះការធ្វើរឿងអស់ទាំងនេះចំពោះអ្នកដទៃវានឹងឆាប់កើតឡើង។,negative
302,pair2,មាត្រា ៦៨ នៃរដ្ឋធម្មនុញ្ញនៃប្រទេសកម្ពុជាបានចែងថា រដ្ឋាភិបាលត្រូវផ្តល់ការអប់រំកម្រិតបឋម និងមធ្យមសិក្សាដោយឥតគិតថ្លៃដល់ប្រជាពលរដ្ឋទាំងអស់ហើយម្នាក់ៗត្រូវបន្តការសិក្សាជាមូលដ្ឋានយ៉ាងហោចណាស់ឲ្យបានរយៈពេល ៩ ឆ្នាំ។,neutral
304,pair2,តាមយោបល់ខ្ញុំសង្គ្រាមរវាងរុស្ស៊ី និងអ៊ុយក្រែន ប្រហែលគ្មានអ្នកឈ្នះ គ្មានអ្នកចាញ់ទេ ។,neutral
305,pair2,"ឧទាហរណ៍ បុគ្គលិកសាលា និងនគរបាល អាចត្រូវធ្វើការកែប្រែ ដើម្បីជួយសិស្ស បើវាមានចែងនៅក្នុងផែនការអប់រំតម្រូវតាមស្ថានភាពបុគ្គល (IEP, Individualized Education Plan) ឬផែនការ 504 របស់សិស្សនេះ ឬបើពួកគេដឹងថា សិស្សនោះជាជនមានពិការភាពជាប់ខ្លួន ។",neutral
306,pair2,គ្រប់យ៉ាងក្នុងលោកនេះមិនទៀងទាត់ទេ ដូច្នេះយើងមិនគួរប្រញាប់វិនិច្ឆ័យខ្លួនឯង និងអ្នកដទៃនោះឡើយ។,positive
307,pair2,ការថែរក្សាសុខភាពរាង្គកាយ និងផ្លូវចិត្ត គឺជារឿងសំខាន់បំផុតអាចការពារវីរុស COVID-19,positive
309,pair2,ប្រាក់សោធនសម្រាប់បុគ្គល ស្ថិតក្រោមច្បាប់ស្តីពីការងារចាប់ផ្តើមអនុវត្តពីខែនេះហើយ,neutral
310,pair2,សហរដ្ឋអាម៉េរិកបានប្តេជ្ញាពង្រឹងការសម្របសម្រួលជាមួយកូរ៉េខាងត្បូង ដើម្បីបន្តពង្រាយ និងអនុវត្តជាយុទ្ធសាស្តរនៅក្នុងតំបន់ឱ្យបានទាន់ពេលវេលា និងប្រកបដោយប្រសិទ្ធភាព ដើម្បីរារាំង និងឆ្លើយតបចំពោះកូរ៉េខាងជើង និងពង្រឹងសន្តិសុខក្នុងតំបន់។,neutral
313,pair2,មិនបានប៉ុន្មានម៉ោងផង កូនទៅបាត់ចោលប៉ាម៉ាក់ អូនអ៊ីង មិនគួរណាពេទ្យ គុន្ធបុផ្ផា ធ្វើឱ្យកូនទៅជាយ៉ាងនេះសោះ។,negative
316,pair2,ទោះយ៉ាងណា ស្ថាបនិកគុនខ្មែរអលស្តារ បានបោះសម្តីថា សូមកុំទាន់សន្និដ្ឋាន..ត្រូវរង់ចាំមើលសិន...។,neutral
319,pair2,គូសបញ្ជាក់ផងដែរថា សម្រាប់វិស័យកសិកម្មនាពេលបច្ចុប្បន្ននេះ ប្រទេសជាច្រើនក្នុងតំបន់អ៊ឺរ៉ុប និងអាស៊ី បានប្រើប្រាស់អាកាសយានគ្មានមនុស្សបើក ដើម្បីបាញ់ថ្នាំសម្លាប់សត្វល្អិតដំណាំ ថតពិនិត្យផលដំណាំ។,neutral
320,pair2,ការលើកឡើងរបស់លោក ហ៊ុន សែន ធ្វើឡើងក្នុងពិធីចែកសញ្ញាបត្រដល់និស្សិតនៃវិទ្យាស្ថានវ៉ាន់ដា ដែលមានចំនួន ៣ ៨៦៦ នាក់ កាលពីថ្ងៃទី ៣ ខែតុលា ឆ្នាំ ២០២២។,neutral
322,pair2,យើងមិនចូលចិត្តលទ្ធផលមិនល្អដែលកើតឡើងទេ តែយើងចូលចិត្តណាស់ធ្វើរឿងមិនល្អឲ្យលទ្ធផលនោះកើតឡើង។,negative
323,pair2,ក្រុមហ៊ុន Nord Stream 2 AG ដែលប្រតិបត្តិករនៃបំពង់បង្ហូរឧស្ម័នមានមូលដ្ឋាននៅប្រទេសស្វីសបានបំភ្លឺកាលពីថ្ងៃអង្គារទី ៤ ខែតុលាថា ខ្លួននឹងពិនិត្យមើលស្ថានភាពនៃបំពង់បង្ហូរឧស្ម័នដែលលេចធ្លាយម្តងទៀត ដោយប៉ូលីសនឹងស៊ើបអង្កេតនៅកន្លែងហេតុផ្ទាល់តែម្តង។,neutral
324,pair2,ការសិក្សាជាកាតព្វកិច្ចគឺប្រាំមួយឆ្នាំនៅសាលាបឋមសិក្សានិងបីឆ្នាំនៅអនុវិទ្យាល័យ,neutral
329,pair2,លោក ពូទីន បានចុះហត្ថលេខាលើច្បាប់នៃការបញ្ចូលទឹកដីអ៊ុយក្រែនចំនួន ៤ រួមទាំងទីក្រុងលូហាន ខណៈដែលសហភាពអឺរ៉ុបបានព្រមព្រៀងលើការដាក់ទណ្ឌកម្មថ្មីប្រឆាំងនឹងទីក្រុងម៉ូស្គូជាការឆ្លើយតប។,neutral
331,pair2,យ៉ាងណាមិញ គោលនយោបាយភូមិឃុំមានសុវត្ថិភាព មានន័យថាភូមិឃុំគ្មានប្រព្រឹត្តល្បែងស៊ីសង ក៏ប៉ុន្តែឥឡូវនេះសម្តេចបានសង្កេតឃើញថា ភូមិឃុំរបស់យើងកំពុងមានល្បែងស៊ីសង បនល្បែង។,neutral
333,pair2,បើតាមលោក ហ៊ុន សែន លោកក៏នឹងមិនប្តឹងឧទ្ធរណ៍បន្តទៀតឡើយ ខណៈលោកចាត់ទុកករណីនេះជាជោគជ័យមួយសម្រាប់លោក ក្នុងការតតាំងក្តីនៅតុលាការបារាំងជាមួយអតីតមេបក្សប្រឆាំងលោក សម រង្ស៊ី ហើយថាសេចក្តីសម្រេចរបស់តុលាការបារាំងថ្មីៗនេះបានជម្រះមន្ទិលសង្ស័យផ្សេងៗ ពាក់ព័ន្ធការស្លាប់របស់លោក ហុក ឡងឌី តាមឧទ្ធម្ភាគចក្រកាលពីឆ្នាំ ២០០៨៕,neutral
335,pair2,ជំងឺកូវីដ៖ បារាំងអន់ចិត្តនឹងអង់គ្លេសដែលចេញបញ្ជាឲ្យចាប់ក្រុង រាល់អ្នកធ្វើដំណើរពី បារាំង,negative
336,pair2,តួលេខរបស់កម្មវិធីអភិវឌ្ឍន៍អង្គការសហប្រជាជាតិ (UNDP) បង្ហាញពីភាពខុសគ្នាដ៏ធំមួយ នៅពេលដែលសង្គមទាំងមូលត្រូវបានគេយកមកពិចារណា។,neutral
338,pair2,ក្រៅពីស្តារថាមពលឡើងវិញ ខាងក្រោមនេះ ជាអត្ថប្រយោជន៍ជាច្រើននៃការគេង ដែលជួយធ្វើឲ្យរាង្គកាយរបស់យើងមានកម្លាំងឡើងវិញ។,positive
339,pair2,ជុំវិញបញ្ហារនេះដែរ ភ្នាក់ងារកាសែតកោះសន្តិភាពប្រចាំខេត្តកណ្តាល ទំនាក់ទំនងទៅលោកវរសេនីយ៍ឯក ព្រុំ សំណាង អធិការនគរបាលស្រុកកៀនស្វាយ តែទូរស័ព្ទចូលគ្មានអ្នកទទួល ។,neutral
340,pair2,មេធារីរូបនេះ ប្តេជ្ញាថា ក៏នឹងជំរុញទៅលោកប្រធានាធិបតី ចូ បៃឌិន (Joe Biden) មិនឱ្យជួបផ្ទាល់ជាមួយលោក ហ៊ុន សែន ជាលក្ខណៈទ្វេភាគីនៅឯកិច្ចប្រជុំកំពូលអាស៊ាន (ASEAN) នាពេលខាងមុខនេះទេ។,neutral
342,pair2,ព្រះតេជព្រះគុណបន្ថែមថា កូនចៅសង់ចេតិយទុកនេះ លុះត្រាតែឪពុកម្តាយ ចាស់ជរា ឬឈឺធ្ងន់ក្នុងដំណាក់កាលចុងក្រោយ។,neutral
343,pair2,ខ្ញុំមានអារម្មណ៍ថាមានការឈឺចាប់ពើតខ្មួល,negative
344,pair2,រីករាយថ្ងៃកំណើតក្មួយស្រីដែលពូកែខាងសម្តី ប៉ិនកូរ ប៉ិនលួង និងពូកែញិកញ៉ក់យកចិត្ត,positive
345,pair2,ខណ:ពេលខ្លះទម្ងន់នៃរឿងមិនល្អដែលចូលមកប៉ះអារម្មណ៍អ្នកផ្ទួនៗ ហើយធ្ងន់ធ្ងរពេក អ្នកក៏ពិបាកនឹងគេចវេស ហើយសម្រួលអារម្មណ៍អោយមកប្រក្រតីវិញបានដោយងាយឡើយ,negative
346,pair2,ខ្ញុំកក់សំបុត្រពីឡូអាន់ជីលែសទៅតូក្យូ,neutral
349,pair2,ខ្ញុំគិតថាខ្ញុំនឹងរួចរាល់ឆាប់ៗតាមដែលយន្តហោះនេះបានចតចេញពីភាពចលាចលនេះ,neutral
350,pair2,ខណៈប្តីទៅហូបកាហ្វេ១កែវសោះ បែរជា មិនមកផ្ទះ តាំងពីព្រឹកដល់ល្ងាច ព្រោះរវល់វក់វី និងការផ្សងសំណាង ។,negative
352,pair2,ឃើញផ្ទះមួយប្រហាក់ប្រហែល តែមិនដឹងថាត្រូវរឺអត់ទេ គឺនៅជិត សាលាឃុំអូសណ្តាន់ ហើយផ្លូវចូលមានតូបលក់ពីរបី និងមានផ្លាកគណបក្សកម្ពុជា ដោយឃើញមាន ចំការចេកណាំវ៉ាតឿក្បែផ្ទះ បើយើងទៅពីភ្នំពេញគឺនៅខាងស្តាំដៃ។,neutral
353,pair2,ស្វាយចន្ទី គឺជាដំណាំមួយប្រភេទមានសារៈសំខាន់ណាស់ ដែលជាផ្នែកមួយជួយដល់សេដ្ឋកិច្ចប្រជាពលរដ្ឋរស់នៅទីជនបទ។,positive
354,pair2,"ពញាជ័យ និងពញាសួស្តិ៍, កាលបានដំណឹងនេះហើយ, ក៏នាំបងប្អូនបេះត្រសក់ និង នាំល្បែងមហោស្រព ទៅថ្វាយព្រះរាជា ជារឿយៗ។",neutral
355,pair2,មន្ត្រីក្រុងសេអ៊ូលបានបញ្ជាក់ថា កូរ៉េខាងជើងបានហោះហើរយន្តហោះចម្បាំងចំនួន ១២ គ្រឿងនៅជិតព្រំដែនជាមួយកូរ៉េខាងត្បូងកាលពីថ្ងៃព្រហស្បតិ៍ទី៦ ខែតុលា ដោយបានជំរុញឱ្យកូរ៉េខាងត្បូងបញ្ចេញយន្តហោះចម្បាំងចំនួន ៣០ ជាការឆ្លើយតប។,neutral
356,pair2,សម្តេចបញ្ជាក់ថា ៖ដរាបណាអ្នកឯងប្រកាសរំសាយចោលនូវនយោបាយមានឯងអត់អញ្ញ ហើយធ្វើការសុំទោសថ្លែងជូនប្រជាពលរដ្ឋចាប់ពីពេលនេះតទៅខ្ញុំនឹងបញ្ឈប់នូវនយោបាយផ្ដួលរលំរដ្ឋាភិបាល»។,neutral
357,pair2,អ្នកវិភាគនយោបាយ លោក សេង សារី លើកឡើងថា ការធ្វើទុក្ខបុកម្នេញទៅលើមេដឹកនាំនិងសកម្មជនរបស់គណបក្សប្រឆាំងនៅមូលដ្ឋាន មិនមែនជារឿងថ្មីទេ នៅក្នុងនយោបាយកម្ពុជា។,neutral
358,pair2,ការហ៊ាននិយាយចេញមកអំពីរឿងនេះ លុះត្រាតែគេមានការឈឺចាប់ខ្លាំង ហើយមិនអាចបន្តអត់ធ្មត់ទៀតបាន។,negative
360,pair2,ឆ្នាំរោង៖ (ធាតុមាស ពង្សទេវតាប្រុស) រាសីរបស់អស់លោកអ្នកដែលកើតឆ្នាំរោង ថ្ងៃនេះ មធ្យម ។,neutral
362,pair2,នេះបើតាមរបាយការណ៍សង្ខេបចុងក្រោយរបស់ CIVICUS ចេញផ្សាយនៅក្នុងសប្តាហ៍នេះ។,neutral
363,pair2,៤ម៉ោងកន្លងផុតទៅប៊ីក៏ផុតគ្រោះថ្នាក់តែត្រូវសម្រាកនៅពេទ្យសិនយើងទាំងអស់គ្នាសប្បាយចិត្តណាស់ពេលឮថាប៊ីគ្មានអ្វីធ្ងន់ធ្ងរ,positive
365,pair2,កំពុងតែរីករាយសុខៗក៏ស្រាប់តែទុក្ខរត់ចូលមកវាយទន្ទរានយកសុបិនដ៏ស្រស់បំព្រងឱ្យលង់ទៅក្នុងភាពច្របូកច្របល់ បង់ស្មារតីទប់ទល់លែងបាន។,negative
366,pair2,ក្រោយពីបែកបាក់ជាមួយប្តីមក អ្នកស្រីបានចាក់មួកលក់តាមអនឡាញជាមួយកូនស្រីច្បងរហូតដល់បច្ចុប្បន្ន។,neutral
367,pair2,"លើសពីនេះ អ្នកក៍ត្រូវចេះបកស្រាយ យ៉ាងណាឲ្យឃើញថា អត្ថបទរបស់អ្នក មានផលប្រយាជន៍ ដល់អ្នកអាន ដល់ជាតិខ្មែរ ជាពិសេសជា មោទនភាពរបស់កូនខ្មែរ គឺនៅត្រង់ គ្រប់ប្រភេទអត្ថបទ ជាអក្សរខ្មែរ កាន់តែសំបូរបែប ជាពិសេសលើ បណ្តាញអ៊ីនធ័រណិត សំរាប់ការកំសាន្ត, ការរកមើលព័ត៌មាន, ការសិក្សា, និងការស្រាវជ្រាវ របស់មនុស្សទូទៅ ។",positive
372,pair2,តាមម្នាក់ក្នុងចំណោមនោះ បានបង្ហើបថា ផ្ទះលោក ហង្ស ឈា មានបន្ទប់ពិសេស១ នោះគឺសំដៅលើបន្ទប់កម្សាន្តផ្ទាល់ខ្លួន(Entertainment Room) របស់ ហង្ស ឈា ថាកសាងឡើងស្ទើរនឹងបាររាត្រីមួយ ដែលបំពាក់ទៅដោយសម្ភារៈ ឧបករណ៍បំពងសំឡេងទំនើបៗ។,neutral
374,pair2,លោក ចារិត ហ្គិនស័រ៖ ខ្ញុំគិតថារដ្ឋាភិបាលកម្ពុជានៅមិនទាន់យល់ច្បាស់នៅឡើយពីសារដែលថាភាពរួចទោសពៃរ៍ ឬនិទ្ទណ្ឌភាពរបស់រដ្ឋាភិបាលនេះ នឹងមិនត្រូវបានអត់ឱនឱ្យជាដាច់ខាត។,negative
375,pair2,ប័ណ្ណបញ្ជាក់អះអាងនេះមិនពេញលេញទេ,negative
376,pair2,ការមើលទូរទស្សន៍ ឬទូរស័ព្ទច្រើនពេកក៏នឹងនាំឱ្យមានរបៀបរស់នៅមិនស្ងប់ មានបញ្ហានៃការមើល និងកាត់បន្ថយសមត្ថភាពនៃការគិត ៕,negative
378,pair2,"ការផ្ទុះក៏ត្រូវបានគេរាយការណ៍ផងដែរនៅក្នុង ទីក្រុង Lviv, Ternopil និង Zhytomyr នៅភាគខាងលិចអ៊ុយក្រែន និងនៅ ទីក្រុង Dnipro នៅកណ្តាលអ៊ុយក្រែន។",neutral
379,pair2,ទាក់ទងនឹងរឿងនេះ មន្ត្រីសមាគមសិទ្ធិមនុស្ស អាដហុក លោក យី សុខសាន្ត ដែលបានចូលរួមសង្កេត សវនាការនេះ យល់ឃើញថា ចៅក្រមបានសួរដេញដោលអំពីបញ្ហាផ្ទាល់ខ្លួនរបស់ លោក វឿង សំណាង ច្រើនជាង សួរសំណួរដាក់បន្ទុកទៅលើសំណុំរឿងដែលបានចោទប្រកាន់។,neutral
380,pair2,អភិបាលក្រុងកៀវ លោក Vitali Klitschko បាននិយាយនៅលើប្រព័ន្ធផ្សព្វផ្សាយសង្គមថា ការផ្ទុះជាច្រើននៅក្នុងសង្កាត់ Shevchenkivskyi ដែលស្ថិតនៅកណ្តាលរដ្ឋធានី។,neutral
381,pair2,ក្រុមហ៊ុនត្រូវបានបង្កើតឡើងនៅឆ្នាំ២០១៣ដោយលោក។,neutral
383,pair2,ចិនបានដាក់ចេញនូវច្បាប់ហាមប្រាមលើការលក់បារីអេឡិចត្រូនិកដែលមានរសជាតិផ្លែឈើ ខណៈប្រទេសនេះរឹតបន្តឹងលើផលិតផលដែលកំពុងពេញនិយមកាន់តែខ្លាំងឡើងពីសំណាក់អ្នកប្រើវ័យក្មេង។,neutral
387,pair2,នេះហើយជាការទូតទន់ភ្លន់និងឈ្លាសវៃមួយរបស់កម្ពុជានៅដើមឆ្នាំ២០២២។,positive
388,pair2,កូនស្រីរបស់គាត់មិនសូវយល់សេចក្តីប៉ុន្មានទេ ។,negative
389,pair2,ទោះជាយ៉ាងណាក៏ដោយ បន្ទាប់ពីខ្ញុំបានភ្ញាក់ដឹងខ្លួន ពីការចាក់ថ្នាំសន្លប់ ខ្ញុំក៏បានឮសម្លេងភរិយាខ្ញុំនិយាយថា ពិតជាអស្ចារ្យណាស់ បងសម្លាញ់ ។,positive
390,pair2,ប្រទេសរុស្ស៊ី កំពុងបញ្ចុះបញ្ចូលឱ្យមានការបោះឆ្នោតជាសម្ងាត់ជំនួសឱ្យការបោះឆ្នោតជាសាធារណៈ ស្របពេលដែលមហាសន្និបាតអង្គការសហប្រជាជាតិដែលមានសមាជិកចំនួន ១៩៣ ប្រទេស កំពុងពិចារណាថាតើត្រូវថ្កោលទោសចំណាត់ការរបស់ទីក្រុងម៉ូស្គូក្រោយការធ្វើប្រជាមតិកាត់បញ្ចូលតំបន់អ៊ុយក្រែនចំនួន ៤ ជាទឹកដីរុស្ស៊ី ឬក៏យ៉ាងណា។,neutral
391,pair2,បុគ្គលគ្រាប់ល្ពៅនេះនិយាយ អោយតែបានៗ តាមពិតកំសាកញី ប្រឹងដើម្បីតែឆ្នាំងបាយតាំងតែពីដើមមកម្លេះមនុស្សប្រភេទនេះទោសស្លាប់ក៏មិនសារភាពកំហុសដែរ,negative
392,pair2,នៅពេលសួរថាតើទីក្រុងមូស្គូនឹងឆ្លើយតបដែរឬទេ ប្រសិនបើគេរកឃើញថាទីក្រុងកៀវនៅពីក្រោយឧប្បត្តិហេតុនោះ លោកបានឆ្លើយថា នឹងមានការឆ្លើយតប។,neutral
393,pair2,ឆ្នាំ១៧៧៩គាត់បានបោះផ្សាយស្នាដៃរបស់ខ្លួនដែលមានចំណងជើងថា“ការពិសោធន៍ទៅលើរុក្ខជាតិ”,neutral
394,pair2,បច្ចុប្បន្ននេះពិភពលោកកំពុងតែមានក្តីកង្វល់ជាខ្លាំងចំពោះការប្រែប្រួលអាកាសធាតុរបស់ផែនដីដែលកាន់តែមានកម្តៅកើនឡើងខ្ពស់ជាលំដាប់ជារៀងរាល់ឆ្នាំខុសប្លែកពីប្រក្រតីដែលនឹងបណ្តាលឲ្យមានវិបត្តិធ្ងន់ធ្ងរដល់ជីវិតអមនុស្សសត្វប្រសិនបើមិនមានវិធានការដោះស្រាយឆាប់រហ័សទេនោះ។,negative
395,pair2,យោងទៅតាមក្រសួងអប់រំ សាលាអនុវិទ្យាល័យចំនួន ១៤១ នៅក្នុងខេត្តចំនួន ៨ ផ្សេងគ្នាត្រូវបានបំពាក់ដោយបន្ទប់កុំព្យូទ័រ។,neutral
396,pair2,ការអង្កេតថ្មីមួយបង្ហាញថាជិត៨០ភាគរយនៃក្រុមហ៊ុនជប៉ុនស្នាក់ការធំៗដែលកំពុងមានវត្តមាននៅកម្ពុជាគ្រោងវិនិយោគបន្ថែមនៅឆ្នាំនេះនិងពីរទៅបីឆ្នាំបន្ទាប់។,neutral
400,pair2,ក្រុមហ៊ុនចម្រាញ់ប្រេងមានបរិមាណប្រហែល ៧ លានតោនដែលនៅសេសសល់បន្ទាប់ពីការនាំចេញនៅចុងខែកញ្ញា។,neutral
